Company Symbol,Igroup,financial_year,Element_Id,Element_Name,P&L Cateogry,Calculated_Value
BHARTIARTL,Telecom - Services,2019,60026,RevenueFromOperations,Revenue / Income,2.9377E+12
BHARTIARTL,Telecom - Services,2019,60027,OtherIncome,Revenue / Income,12418000000
BHARTIARTL,Telecom - Services,2019,60028,Income,Revenue / Income,2.95012E+12
BHARTIARTL,Telecom - Services,2019,60029,CostOfMaterialsConsumed,Expenses,0
BHARTIARTL,Telecom - Services,2019,60031,ChangesInInventoriesOfFinishedGoodsWorkInProgressAndStockInTrade,Expenses,0
BHARTIARTL,Telecom - Services,2019,60032,EmployeeBenefitExpense,Expenses,1.18145E+11
BHARTIARTL,Telecom - Services,2019,60033,FinanceCosts,Expenses,3.50209E+11
BHARTIARTL,Telecom - Services,2019,60034,DepreciationDepletionAndAmortisationExpense,Expenses,8.12632E+11
BHARTIARTL,Telecom - Services,2019,60035,OtherExpenses,Expenses,1.95691E+12
BHARTIARTL,Telecom - Services,2019,60039,ProfitBeforeTax,Profit,-2.87775E+11
BHARTIARTL,Telecom - Services,2019,60042,TaxExpense,Tax,-1.8963E+11
BHARTIARTL,Telecom - Services,2019,60049,ProfitLossForPeriod,Profit,-98145000000
BHARTIARTL,Telecom - Services,2019,600001,Total COGS,Expenses,0
BHARTIARTL,Telecom - Services,2019,600002,Gross Margin,Profit,2.95012E+12
BHARTIARTL,Telecom - Services,2019,600003,Gross Margin %,Profit,100.00000000000000000000
BHARTIARTL,Telecom - Services,2019,600004,EBIDTA/ Operating Profit,Profit,8.75066E+11
BHARTIARTL,Telecom - Services,2019,600005,Operating Profit%,Profit,29.66202753648832150000
BHARTIARTL,Telecom - Services,2019,600005,PBT%,Profit,-9.754681332
BHARTIARTL,Telecom - Services,2019,600006,PAT%,Profit,-3.326811569
BHARTIARTL,Telecom - Services,2020,60026,RevenueFromOperations,Revenue / Income,3.12713E+12
BHARTIARTL,Telecom - Services,2020,60027,OtherIncome,Revenue / Income,13745000000
BHARTIARTL,Telecom - Services,2020,60028,Income,Revenue / Income,3.14088E+12
BHARTIARTL,Telecom - Services,2020,60029,CostOfMaterialsConsumed,Expenses,0
BHARTIARTL,Telecom - Services,2020,60031,ChangesInInventoriesOfFinishedGoodsWorkInProgressAndStockInTrade,Expenses,0
BHARTIARTL,Telecom - Services,2020,60032,EmployeeBenefitExpense,Expenses,1.17765E+11
BHARTIARTL,Telecom - Services,2020,60033,FinanceCosts,Expenses,4.74984E+11
BHARTIARTL,Telecom - Services,2020,60034,DepreciationDepletionAndAmortisationExpense,Expenses,1.07637E+12
BHARTIARTL,Telecom - Services,2020,60035,OtherExpenses,Expenses,1.77594E+12
BHARTIARTL,Telecom - Services,2020,60039,ProfitBeforeTax,Profit,-3.04183E+11
BHARTIARTL,Telecom - Services,2020,60042,TaxExpense,Tax,-6.80764E+11
BHARTIARTL,Telecom - Services,2020,60049,ProfitLossForPeriod,Profit,3.76581E+11
BHARTIARTL,Telecom - Services,2020,600001,Total COGS,Expenses,0
BHARTIARTL,Telecom - Services,2020,600002,Gross Margin,Profit,3.14088E+12
BHARTIARTL,Telecom - Services,2020,600003,Gross Margin %,Profit,100.00000000000000000000
BHARTIARTL,Telecom - Services,2020,600004,EBIDTA/ Operating Profit,Profit,1.24717E+12
BHARTIARTL,Telecom - Services,2020,600005,Operating Profit%,Profit,39.70768683151653773200
BHARTIARTL,Telecom - Services,2020,600005,PBT%,Profit,-9.684648687
BHARTIARTL,Telecom - Services,2020,600006,PAT%,Profit,11.98967295132125475700
BHARTIARTL,Telecom - Services,2021,60026,RevenueFromOperations,Revenue / Income,3.68591E+12
BHARTIARTL,Telecom - Services,2021,60027,OtherIncome,Revenue / Income,62951000000
BHARTIARTL,Telecom - Services,2021,60028,Income,Revenue / Income,3.74886E+12
BHARTIARTL,Telecom - Services,2021,60029,CostOfMaterialsConsumed,Expenses,0
BHARTIARTL,Telecom - Services,2021,60031,ChangesInInventoriesOfFinishedGoodsWorkInProgressAndStockInTrade,Expenses,0
BHARTIARTL,Telecom - Services,2021,60032,EmployeeBenefitExpense,Expenses,1.32771E+11
BHARTIARTL,Telecom - Services,2021,60033,FinanceCosts,Expenses,5.96442E+11
BHARTIARTL,Telecom - Services,2021,60034,DepreciationDepletionAndAmortisationExpense,Expenses,1.15192E+12
BHARTIARTL,Telecom - Services,2021,60035,OtherExpenses,Expenses,1.93531E+12
BHARTIARTL,Telecom - Services,2021,60039,ProfitBeforeTax,Profit,-67584000000
BHARTIARTL,Telecom - Services,2021,60042,TaxExpense,Tax,3.83618E+11
BHARTIARTL,Telecom - Services,2021,60049,ProfitLossForPeriod,Profit,-4.51202E+11
BHARTIARTL,Telecom - Services,2021,600001,Total COGS,Expenses,0
BHARTIARTL,Telecom - Services,2021,600002,Gross Margin,Profit,3.74886E+12
BHARTIARTL,Telecom - Services,2021,600003,Gross Margin %,Profit,100.00000000000000000000
BHARTIARTL,Telecom - Services,2021,600004,EBIDTA/ Operating Profit,Profit,1.68078E+12
BHARTIARTL,Telecom - Services,2021,600005,Operating Profit%,Profit,44.83432296751545803300
BHARTIARTL,Telecom - Services,2021,600005,PBT%,Profit,-1.802788048
BHARTIARTL,Telecom - Services,2021,600006,PAT%,Profit,-12.03571219
BHARTIARTL,Telecom - Services,2022,60026,RevenueFromOperations,Revenue / Income,4.11781E+12
BHARTIARTL,Telecom - Services,2022,60027,OtherIncome,Revenue / Income,50240000000
BHARTIARTL,Telecom - Services,2022,60028,Income,Revenue / Income,4.16805E+12
BHARTIARTL,Telecom - Services,2022,60029,CostOfMaterialsConsumed,Expenses,0
BHARTIARTL,Telecom - Services,2022,60031,ChangesInInventoriesOfFinishedGoodsWorkInProgressAndStockInTrade,Expenses,0
BHARTIARTL,Telecom - Services,2022,60032,EmployeeBenefitExpense,Expenses,1.34312E+11
BHARTIARTL,Telecom - Services,2022,60033,FinanceCosts,Expenses,6.9163E+11
BHARTIARTL,Telecom - Services,2022,60034,DepreciationDepletionAndAmortisationExpense,Expenses,1.28282E+12
BHARTIARTL,Telecom - Services,2022,60035,OtherExpenses,Expenses,1.95636E+12
BHARTIARTL,Telecom - Services,2022,60039,ProfitBeforeTax,Profit,1.02931E+11
BHARTIARTL,Telecom - Services,2022,60042,TaxExpense,Tax,77134000000
BHARTIARTL,Telecom - Services,2022,60049,ProfitLossForPeriod,Profit,25797000000
BHARTIARTL,Telecom - Services,2022,600001,Total COGS,Expenses,0
BHARTIARTL,Telecom - Services,2022,600002,Gross Margin,Profit,4.16805E+12
BHARTIARTL,Telecom - Services,2022,600003,Gross Margin %,Profit,100.00000000000000000000
BHARTIARTL,Telecom - Services,2022,600004,EBIDTA/ Operating Profit,Profit,2.07738E+12
BHARTIARTL,Telecom - Services,2022,600005,Operating Profit%,Profit,49.84053697999376687100
BHARTIARTL,Telecom - Services,2022,600005,PBT%,Profit,2.46952352550388658900
BHARTIARTL,Telecom - Services,2022,600006,PAT%,Profit,0.61892236923204634500
BHARTIARTL,Telecom - Services,2023,60026,RevenueFromOperations,Revenue / Income,4.98419E+12
BHARTIARTL,Telecom - Services,2023,60027,OtherIncome,Revenue / Income,93369000000
BHARTIARTL,Telecom - Services,2023,60028,Income,Revenue / Income,5.07756E+12
BHARTIARTL,Telecom - Services,2023,60029,CostOfMaterialsConsumed,Expenses,0
BHARTIARTL,Telecom - Services,2023,60031,ChangesInInventoriesOfFinishedGoodsWorkInProgressAndStockInTrade,Expenses,0
BHARTIARTL,Telecom - Services,2023,60032,EmployeeBenefitExpense,Expenses,1.50369E+11
BHARTIARTL,Telecom - Services,2023,60033,FinanceCosts,Expenses,7.72431E+11
BHARTIARTL,Telecom - Services,2023,60034,DepreciationDepletionAndAmortisationExpense,Expenses,1.40302E+12
BHARTIARTL,Telecom - Services,2023,60035,OtherExpenses,Expenses,2.28157E+12
BHARTIARTL,Telecom - Services,2023,60039,ProfitBeforeTax,Profit,4.70174E+11
BHARTIARTL,Telecom - Services,2023,60042,TaxExpense,Tax,1.29292E+11
BHARTIARTL,Telecom - Services,2023,60049,ProfitLossForPeriod,Profit,3.40882E+11
BHARTIARTL,Telecom - Services,2023,600001,Total COGS,Expenses,0
BHARTIARTL,Telecom - Services,2023,600002,Gross Margin,Profit,5.07756E+12
BHARTIARTL,Telecom - Services,2023,600003,Gross Margin %,Profit,100.00000000000000000000
BHARTIARTL,Telecom - Services,2023,600004,EBIDTA/ Operating Profit,Profit,2.64563E+12
BHARTIARTL,Telecom - Services,2023,600005,Operating Profit%,Profit,52.10428703691121114600
BHARTIARTL,Telecom - Services,2023,600005,PBT%,Profit,9.25983587008176954200
BHARTIARTL,Telecom - Services,2023,600006,PAT%,Profit,6.71349621855996666100
BHARTIARTL,Telecom - Services,2024,60026,RevenueFromOperations,Revenue / Income,5.46652E+12
BHARTIARTL,Telecom - Services,2024,60027,OtherIncome,Revenue / Income,62052000000
BHARTIARTL,Telecom - Services,2024,60028,Income,Revenue / Income,5.52857E+12
BHARTIARTL,Telecom - Services,2024,60029,CostOfMaterialsConsumed,Expenses,0
BHARTIARTL,Telecom - Services,2024,60031,ChangesInInventoriesOfFinishedGoodsWorkInProgressAndStockInTrade,Expenses,0
BHARTIARTL,Telecom - Services,2024,60032,EmployeeBenefitExpense,Expenses,1.6789E+11
BHARTIARTL,Telecom - Services,2024,60033,FinanceCosts,Expenses,8.32341E+11
BHARTIARTL,Telecom - Services,2024,60034,DepreciationDepletionAndAmortisationExpense,Expenses,1.53042E+12
BHARTIARTL,Telecom - Services,2024,60035,OtherExpenses,Expenses,2.40879E+12
BHARTIARTL,Telecom - Services,2024,60039,ProfitBeforeTax,Profit,5.89136E+11
BHARTIARTL,Telecom - Services,2024,60042,TaxExpense,Tax,1.45209E+11
BHARTIARTL,Telecom - Services,2024,60049,ProfitLossForPeriod,Profit,4.43927E+11
BHARTIARTL,Telecom - Services,2024,600001,Total COGS,Expenses,0
BHARTIARTL,Telecom - Services,2024,600002,Gross Margin,Profit,5.52857E+12
BHARTIARTL,Telecom - Services,2024,600003,Gross Margin %,Profit,100.00000000000000000000
BHARTIARTL,Telecom - Services,2024,600004,EBIDTA/ Operating Profit,Profit,2.9519E+12
BHARTIARTL,Telecom - Services,2024,600005,Operating Profit%,Profit,53.39345252382486402900
BHARTIARTL,Telecom - Services,2024,600005,PBT%,Profit,10.65620368945114770100
BHARTIARTL,Telecom - Services,2024,600006,PAT%,Profit,8.02968505616187034200
BHARTIARTL,Telecom - Services,2025,60026,RevenueFromOperations,Revenue / Income,1.31881E+12
BHARTIARTL,Telecom - Services,2025,60027,OtherIncome,Revenue / Income,13213000000
BHARTIARTL,Telecom - Services,2025,60028,Income,Revenue / Income,1.33203E+12
BHARTIARTL,Telecom - Services,2025,60029,CostOfMaterialsConsumed,Expenses,0
BHARTIARTL,Telecom - Services,2025,60031,ChangesInInventoriesOfFinishedGoodsWorkInProgressAndStockInTrade,Expenses,0
BHARTIARTL,Telecom - Services,2025,60032,EmployeeBenefitExpense,Expenses,40116000000
BHARTIARTL,Telecom - Services,2025,60033,FinanceCosts,Expenses,1.81159E+11
BHARTIARTL,Telecom - Services,2025,60034,DepreciationDepletionAndAmortisationExpense,Expenses,3.76047E+11
BHARTIARTL,Telecom - Services,2025,60035,OtherExpenses,Expenses,5.79374E+11
BHARTIARTL,Telecom - Services,2025,60039,ProfitBeforeTax,Profit,1.5533E+11
BHARTIARTL,Telecom - Services,2025,60042,TaxExpense,Tax,44193000000
BHARTIARTL,Telecom - Services,2025,60049,ProfitLossForPeriod,Profit,1.11137E+11
BHARTIARTL,Telecom - Services,2025,600001,Total COGS,Expenses,0
BHARTIARTL,Telecom - Services,2025,600002,Gross Margin,Profit,1.33203E+12
BHARTIARTL,Telecom - Services,2025,600003,Gross Margin %,Profit,100.00000000000000000000
BHARTIARTL,Telecom - Services,2025,600004,EBIDTA/ Operating Profit,Profit,7.12536E+11
BHARTIARTL,Telecom - Services,2025,600005,Operating Profit%,Profit,53.49264954287679069300
BHARTIARTL,Telecom - Services,2025,600005,PBT%,Profit,11.66118379070678800600
BHARTIARTL,Telecom - Services,2025,600006,PAT%,Profit,8.34345575837108284700
HFCL,Telecom - Services,2019,60026,RevenueFromOperations,Revenue / Income,1.45491E+11
HFCL,Telecom - Services,2019,60027,OtherIncome,Revenue / Income,1129200000
HFCL,Telecom - Services,2019,60028,Income,Revenue / Income,1.4662E+11
HFCL,Telecom - Services,2019,60029,CostOfMaterialsConsumed,Expenses,75607700000
HFCL,Telecom - Services,2019,60031,ChangesInInventoriesOfFinishedGoodsWorkInProgressAndStockInTrade,Expenses,655300000
HFCL,Telecom - Services,2019,60032,EmployeeBenefitExpense,Expenses,5865200000
HFCL,Telecom - Services,2019,60033,FinanceCosts,Expenses,2618700000
HFCL,Telecom - Services,2019,60034,DepreciationDepletionAndAmortisationExpense,Expenses,651700000
HFCL,Telecom - Services,2019,60035,OtherExpenses,Expenses,5317400000
HFCL,Telecom - Services,2019,60039,ProfitBeforeTax,Profit,55903700000
HFCL,Telecom - Services,2019,60042,TaxExpense,Tax,3347800000
HFCL,Telecom - Services,2019,60049,ProfitLossForPeriod,Profit,52555900000
HFCL,Telecom - Services,2019,600001,Total COGS,Expenses,76263000000
HFCL,Telecom - Services,2019,600002,Gross Margin,Profit,70356700000
HFCL,Telecom - Services,2019,600003,Gross Margin %,Profit,47.98584364856837109900
HFCL,Telecom - Services,2019,600004,EBIDTA/ Operating Profit,Profit,59174100000
HFCL,Telecom - Services,2019,600005,Operating Profit%,Profit,40.35890129361879747400
HFCL,Telecom - Services,2019,600005,PBT%,Profit,38.12836883447449421900
HFCL,Telecom - Services,2019,600006,PAT%,Profit,35.84504674337759523400
HFCL,Telecom - Services,2020,60026,RevenueFromOperations,Revenue / Income,1.79444E+11
HFCL,Telecom - Services,2020,60027,OtherIncome,Revenue / Income,902300000
HFCL,Telecom - Services,2020,60028,Income,Revenue / Income,1.80346E+11
HFCL,Telecom - Services,2020,60029,CostOfMaterialsConsumed,Expenses,96810100000
HFCL,Telecom - Services,2020,60031,ChangesInInventoriesOfFinishedGoodsWorkInProgressAndStockInTrade,Expenses,-1642500000
HFCL,Telecom - Services,2020,60032,EmployeeBenefitExpense,Expenses,9429500000
HFCL,Telecom - Services,2020,60033,FinanceCosts,Expenses,4544700000
HFCL,Telecom - Services,2020,60034,DepreciationDepletionAndAmortisationExpense,Expenses,1464900000
HFCL,Telecom - Services,2020,60035,OtherExpenses,Expenses,7608700000
HFCL,Telecom - Services,2020,60039,ProfitBeforeTax,Profit,62130600000
HFCL,Telecom - Services,2020,60042,TaxExpense,Tax,6176300000
HFCL,Telecom - Services,2020,60049,ProfitLossForPeriod,Profit,55954300000
HFCL,Telecom - Services,2020,600001,Total COGS,Expenses,95167600000
HFCL,Telecom - Services,2020,600002,Gross Margin,Profit,85178400000
HFCL,Telecom - Services,2020,600003,Gross Margin %,Profit,47.23054572876581681900
HFCL,Telecom - Services,2020,600004,EBIDTA/ Operating Profit,Profit,68140200000
HFCL,Telecom - Services,2020,600005,Operating Profit%,Profit,37.78303926896077539800
HFCL,Telecom - Services,2020,600005,PBT%,Profit,34.45077794905348607700
HFCL,Telecom - Services,2020,600006,PAT%,Profit,31.02608319563505705700
HFCL,Telecom - Services,2021,60026,RevenueFromOperations,Revenue / Income,1.77834E+11
HFCL,Telecom - Services,2021,60027,OtherIncome,Revenue / Income,1061200000
HFCL,Telecom - Services,2021,60028,Income,Revenue / Income,1.78896E+11
HFCL,Telecom - Services,2021,60029,CostOfMaterialsConsumed,Expenses,66850300000
HFCL,Telecom - Services,2021,60031,ChangesInInventoriesOfFinishedGoodsWorkInProgressAndStockInTrade,Expenses,-1082600000
HFCL,Telecom - Services,2021,60032,EmployeeBenefitExpense,Expenses,10408700000
HFCL,Telecom - Services,2021,60033,FinanceCosts,Expenses,7038900000
HFCL,Telecom - Services,2021,60034,DepreciationDepletionAndAmortisationExpense,Expenses,2714900000
HFCL,Telecom - Services,2021,60035,OtherExpenses,Expenses,8437400000
HFCL,Telecom - Services,2021,60039,ProfitBeforeTax,Profit,84528000000
HFCL,Telecom - Services,2021,60042,TaxExpense,Tax,3227500000
HFCL,Telecom - Services,2021,60049,ProfitLossForPeriod,Profit,81300500000
HFCL,Telecom - Services,2021,600001,Total COGS,Expenses,65767700000
HFCL,Telecom - Services,2021,600002,Gross Margin,Profit,1.13128E+11
HFCL,Telecom - Services,2021,600003,Gross Margin %,Profit,63.23682639483587075400
HFCL,Telecom - Services,2021,600004,EBIDTA/ Operating Profit,Profit,94281800000
HFCL,Telecom - Services,2021,600005,Operating Profit%,Profit,52.70213465283662650200
HFCL,Telecom - Services,2021,600005,PBT%,Profit,47.24990441352386531600
HFCL,Telecom - Services,2021,600006,PAT%,Profit,45.44577954963677139100
HFCL,Telecom - Services,2022,60026,RevenueFromOperations,Revenue / Income,2.02202E+11
HFCL,Telecom - Services,2022,60027,OtherIncome,Revenue / Income,1287200000
HFCL,Telecom - Services,2022,60028,Income,Revenue / Income,2.03489E+11
HFCL,Telecom - Services,2022,60029,CostOfMaterialsConsumed,Expenses,94403600000
HFCL,Telecom - Services,2022,60031,ChangesInInventoriesOfFinishedGoodsWorkInProgressAndStockInTrade,Expenses,-1865300000
HFCL,Telecom - Services,2022,60032,EmployeeBenefitExpense,Expenses,13038600000
HFCL,Telecom - Services,2022,60033,FinanceCosts,Expenses,6953800000
HFCL,Telecom - Services,2022,60034,DepreciationDepletionAndAmortisationExpense,Expenses,2936200000
HFCL,Telecom - Services,2022,60035,OtherExpenses,Expenses,10503000000
HFCL,Telecom - Services,2022,60039,ProfitBeforeTax,Profit,77519300000
HFCL,Telecom - Services,2022,60042,TaxExpense,Tax,4998200000
HFCL,Telecom - Services,2022,60049,ProfitLossForPeriod,Profit,72521100000
HFCL,Telecom - Services,2022,600001,Total COGS,Expenses,92538300000
HFCL,Telecom - Services,2022,600002,Gross Margin,Profit,1.10951E+11
HFCL,Telecom - Services,2022,600003,Gross Margin %,Profit,54.52422045002879759700
HFCL,Telecom - Services,2022,600004,EBIDTA/ Operating Profit,Profit,87409300000
HFCL,Telecom - Services,2022,600005,Operating Profit%,Profit,42.95525266205774065700
HFCL,Telecom - Services,2022,600005,PBT%,Profit,38.09504386473581890300
HFCL,Telecom - Services,2022,600006,PAT%,Profit,35.63879557244315668800
HFCL,Telecom - Services,2023,60026,RevenueFromOperations,Revenue / Income,1.98169E+11
HFCL,Telecom - Services,2023,60027,OtherIncome,Revenue / Income,2213700000
HFCL,Telecom - Services,2023,60028,Income,Revenue / Income,2.00383E+11
HFCL,Telecom - Services,2023,60029,CostOfMaterialsConsumed,Expenses,87904500000
HFCL,Telecom - Services,2023,60031,ChangesInInventoriesOfFinishedGoodsWorkInProgressAndStockInTrade,Expenses,-3011900000
HFCL,Telecom - Services,2023,60032,EmployeeBenefitExpense,Expenses,14000600000
HFCL,Telecom - Services,2023,60033,FinanceCosts,Expenses,6068000000
HFCL,Telecom - Services,2023,60034,DepreciationDepletionAndAmortisationExpense,Expenses,3167200000
HFCL,Telecom - Services,2023,60035,OtherExpenses,Expenses,12219500000
HFCL,Telecom - Services,2023,60039,ProfitBeforeTax,Profit,80035100000
HFCL,Telecom - Services,2023,60042,TaxExpense,Tax,4399100000
HFCL,Telecom - Services,2023,60049,ProfitLossForPeriod,Profit,75636000000
HFCL,Telecom - Services,2023,600001,Total COGS,Expenses,84892600000
HFCL,Telecom - Services,2023,600002,Gross Margin,Profit,1.1549E+11
HFCL,Telecom - Services,2023,600003,Gross Margin %,Profit,57.63482930188688661200
HFCL,Telecom - Services,2023,600004,EBIDTA/ Operating Profit,Profit,89270300000
HFCL,Telecom - Services,2023,600005,Operating Profit%,Profit,44.54983706202621978900
HFCL,Telecom - Services,2023,600005,PBT%,Profit,39.94106286461426368500
HFCL,Telecom - Services,2023,600006,PAT%,Profit,37.74571695203684943300
HFCL,Telecom - Services,2024,60026,RevenueFromOperations,Revenue / Income,1.85039E+11
HFCL,Telecom - Services,2024,60027,OtherIncome,Revenue / Income,4158400000
HFCL,Telecom - Services,2024,60028,Income,Revenue / Income,1.89198E+11
HFCL,Telecom - Services,2024,60029,CostOfMaterialsConsumed,Expenses,82770700000
HFCL,Telecom - Services,2024,60031,ChangesInInventoriesOfFinishedGoodsWorkInProgressAndStockInTrade,Expenses,-4180500000
HFCL,Telecom - Services,2024,60032,EmployeeBenefitExpense,Expenses,13798200000
HFCL,Telecom - Services,2024,60033,FinanceCosts,Expenses,5813200000
HFCL,Telecom - Services,2024,60034,DepreciationDepletionAndAmortisationExpense,Expenses,3159500000
HFCL,Telecom - Services,2024,60035,OtherExpenses,Expenses,12338800000
HFCL,Telecom - Services,2024,60039,ProfitBeforeTax,Profit,75497900000
HFCL,Telecom - Services,2024,60042,TaxExpense,Tax,4510300000
HFCL,Telecom - Services,2024,60049,ProfitLossForPeriod,Profit,70987600000
HFCL,Telecom - Services,2024,600001,Total COGS,Expenses,78590200000
HFCL,Telecom - Services,2024,600002,Gross Margin,Profit,1.10608E+11
HFCL,Telecom - Services,2024,600003,Gross Margin %,Profit,58.46135631598253256600
HFCL,Telecom - Services,2024,600004,EBIDTA/ Operating Profit,Profit,84470600000
HFCL,Telecom - Services,2024,600005,Operating Profit%,Profit,44.64671365100439857100
HFCL,Telecom - Services,2024,600005,PBT%,Profit,39.90421664522526160500
HFCL,Telecom - Services,2024,600006,PAT%,Profit,37.52030943277353119300
HFCL,Telecom - Services,2025,60026,RevenueFromOperations,Revenue / Income,73669700000
HFCL,Telecom - Services,2025,60027,OtherIncome,Revenue / Income,933500000
HFCL,Telecom - Services,2025,60028,Income,Revenue / Income,74603200000
HFCL,Telecom - Services,2025,60029,CostOfMaterialsConsumed,Expenses,24282500000
HFCL,Telecom - Services,2025,60031,ChangesInInventoriesOfFinishedGoodsWorkInProgressAndStockInTrade,Expenses,1648300000
HFCL,Telecom - Services,2025,60032,EmployeeBenefitExpense,Expenses,5096100000
HFCL,Telecom - Services,2025,60033,FinanceCosts,Expenses,2634500000
HFCL,Telecom - Services,2025,60034,DepreciationDepletionAndAmortisationExpense,Expenses,1520000000
HFCL,Telecom - Services,2025,60035,OtherExpenses,Expenses,4672000000
HFCL,Telecom - Services,2025,60039,ProfitBeforeTax,Profit,34749800000
HFCL,Telecom - Services,2025,60042,TaxExpense,Tax,1426700000
HFCL,Telecom - Services,2025,60049,ProfitLossForPeriod,Profit,33323100000
HFCL,Telecom - Services,2025,600001,Total COGS,Expenses,25930800000
HFCL,Telecom - Services,2025,600002,Gross Margin,Profit,48672400000
HFCL,Telecom - Services,2025,600003,Gross Margin %,Profit,65.24170544963218735900
HFCL,Telecom - Services,2025,600004,EBIDTA/ Operating Profit,Profit,38904300000
HFCL,Telecom - Services,2025,600005,Operating Profit%,Profit,52.14829926866407875300
HFCL,Telecom - Services,2025,600005,PBT%,Profit,46.57950329208398567400
HFCL,Telecom - Services,2025,600006,PAT%,Profit,44.66711883672550239100
IDEA,Telecom - Services,2019,60026,RevenueFromOperations,Revenue / Income,1.51431E+12
IDEA,Telecom - Services,2019,60027,OtherIncome,Revenue / Income,39435000000
IDEA,Telecom - Services,2019,60028,Income,Revenue / Income,1.55375E+12
IDEA,Telecom - Services,2019,60029,CostOfMaterialsConsumed,Expenses,260000000
IDEA,Telecom - Services,2019,60031,ChangesInInventoriesOfFinishedGoodsWorkInProgressAndStockInTrade,Expenses,0
IDEA,Telecom - Services,2019,60032,EmployeeBenefitExpense,Expenses,91237000000
IDEA,Telecom - Services,2019,60033,FinanceCosts,Expenses,3.93484E+11
IDEA,Telecom - Services,2019,60034,DepreciationDepletionAndAmortisationExpense,Expenses,5.87862E+11
IDEA,Telecom - Services,2019,60035,OtherExpenses,Expenses,1.27776E+12
IDEA,Telecom - Services,2019,60039,ProfitBeforeTax,Profit,-7.96854E+11
IDEA,Telecom - Services,2019,60042,TaxExpense,Tax,-1.01001E+11
IDEA,Telecom - Services,2019,60049,ProfitLossForPeriod,Profit,-6.95853E+11
IDEA,Telecom - Services,2019,600001,Total COGS,Expenses,260000000
IDEA,Telecom - Services,2019,600002,Gross Margin,Profit,1.55349E+12
IDEA,Telecom - Services,2019,600003,Gross Margin %,Profit,99.98326625892117571300
IDEA,Telecom - Services,2019,600004,EBIDTA/ Operating Profit,Profit,1.84492E+11
IDEA,Telecom - Services,2019,600005,Operating Profit%,Profit,11.87400522736327085400
IDEA,Telecom - Services,2019,600005,PBT%,Profit,-51.28595582
IDEA,Telecom - Services,2019,600006,PAT%,Profit,-44.78547666
IDEA,Telecom - Services,2020,60026,RevenueFromOperations,Revenue / Income,2.00046E+12
IDEA,Telecom - Services,2020,60027,OtherIncome,Revenue / Income,51156000000
IDEA,Telecom - Services,2020,60028,Income,Revenue / Income,2.05161E+12
IDEA,Telecom - Services,2020,60029,CostOfMaterialsConsumed,Expenses,279000000
IDEA,Telecom - Services,2020,60031,ChangesInInventoriesOfFinishedGoodsWorkInProgressAndStockInTrade,Expenses,0
IDEA,Telecom - Services,2020,60032,EmployeeBenefitExpense,Expenses,1.00313E+11
IDEA,Telecom - Services,2020,60033,FinanceCosts,Expenses,6.79383E+11
IDEA,Telecom - Services,2020,60034,DepreciationDepletionAndAmortisationExpense,Expenses,1.09392E+12
IDEA,Telecom - Services,2020,60035,OtherExpenses,Expenses,1.25691E+12
IDEA,Telecom - Services,2020,60039,ProfitBeforeTax,Profit,-1.0792E+12
IDEA,Telecom - Services,2020,60042,TaxExpense,Tax,6.89577E+11
IDEA,Telecom - Services,2020,60049,ProfitLossForPeriod,Profit,-1.76877E+12
IDEA,Telecom - Services,2020,600001,Total COGS,Expenses,279000000
IDEA,Telecom - Services,2020,600002,Gross Margin,Profit,2.05133E+12
IDEA,Telecom - Services,2020,600003,Gross Margin %,Profit,99.98640093078073767400
IDEA,Telecom - Services,2020,600004,EBIDTA/ Operating Profit,Profit,6.94108E+11
IDEA,Telecom - Services,2020,600005,Operating Profit%,Profit,33.83233956144707744300
IDEA,Telecom - Services,2020,600005,PBT%,Profit,-52.60241829
IDEA,Telecom - Services,2020,600006,PAT%,Profit,-86.21390702
IDEA,Telecom - Services,2021,60026,RevenueFromOperations,Revenue / Income,1.90879E+12
IDEA,Telecom - Services,2021,60027,OtherIncome,Revenue / Income,10795000000
IDEA,Telecom - Services,2021,60028,Income,Revenue / Income,1.91959E+12
IDEA,Telecom - Services,2021,60029,CostOfMaterialsConsumed,Expenses,127000000
IDEA,Telecom - Services,2021,60031,ChangesInInventoriesOfFinishedGoodsWorkInProgressAndStockInTrade,Expenses,0
IDEA,Telecom - Services,2021,60032,EmployeeBenefitExpense,Expenses,90147000000
IDEA,Telecom - Services,2021,60033,FinanceCosts,Expenses,7.95639E+11
IDEA,Telecom - Services,2021,60034,DepreciationDepletionAndAmortisationExpense,Expenses,1.05292E+12
IDEA,Telecom - Services,2021,60035,OtherExpenses,Expenses,1.07409E+12
IDEA,Telecom - Services,2021,60039,ProfitBeforeTax,Profit,-1.09334E+12
IDEA,Telecom - Services,2021,60042,TaxExpense,Tax,-424000000
IDEA,Telecom - Services,2021,60049,ProfitLossForPeriod,Profit,-1.09291E+12
IDEA,Telecom - Services,2021,600001,Total COGS,Expenses,127000000
IDEA,Telecom - Services,2021,600002,Gross Margin,Profit,1.91946E+12
IDEA,Telecom - Services,2021,600003,Gross Margin %,Profit,99.99338399353610959000
IDEA,Telecom - Services,2021,600004,EBIDTA/ Operating Profit,Profit,7.55221E+11
IDEA,Telecom - Services,2021,600005,Operating Profit%,Profit,39.34288990288015078200
IDEA,Telecom - Services,2021,600005,PBT%,Profit,-56.95688708
IDEA,Telecom - Services,2021,600006,PAT%,Profit,-56.934799
IDEA,Telecom - Services,2022,60026,RevenueFromOperations,Revenue / Income,1.70035E+12
IDEA,Telecom - Services,2022,60027,OtherIncome,Revenue / Income,5158000000
IDEA,Telecom - Services,2022,60028,Income,Revenue / Income,1.70551E+12
IDEA,Telecom - Services,2022,60029,CostOfMaterialsConsumed,Expenses,103000000
IDEA,Telecom - Services,2022,60031,ChangesInInventoriesOfFinishedGoodsWorkInProgressAndStockInTrade,Expenses,0
IDEA,Telecom - Services,2022,60032,EmployeeBenefitExpense,Expenses,72528000000
IDEA,Telecom - Services,2022,60033,FinanceCosts,Expenses,9.39553E+11
IDEA,Telecom - Services,2022,60034,DepreciationDepletionAndAmortisationExpense,Expenses,1.04748E+12
IDEA,Telecom - Services,2022,60035,OtherExpenses,Expenses,9.42801E+11
IDEA,Telecom - Services,2022,60039,ProfitBeforeTax,Profit,-1.29695E+12
IDEA,Telecom - Services,2022,60042,TaxExpense,Tax,253000000
IDEA,Telecom - Services,2022,60049,ProfitLossForPeriod,Profit,-1.2972E+12
IDEA,Telecom - Services,2022,600001,Total COGS,Expenses,103000000
IDEA,Telecom - Services,2022,600002,Gross Margin,Profit,1.70541E+12
IDEA,Telecom - Services,2022,600003,Gross Margin %,Profit,99.99396074720215489900
IDEA,Telecom - Services,2022,600004,EBIDTA/ Operating Profit,Profit,6.90077E+11
IDEA,Telecom - Services,2022,600005,Operating Profit%,Profit,40.46164517454906423800
IDEA,Telecom - Services,2022,600005,PBT%,Profit,-76.04480539
IDEA,Telecom - Services,2022,600006,PAT%,Profit,-76.05963967
IDEA,Telecom - Services,2023,60026,RevenueFromOperations,Revenue / Income,1.89096E+12
IDEA,Telecom - Services,2023,60027,OtherIncome,Revenue / Income,13369000000
IDEA,Telecom - Services,2023,60028,Income,Revenue / Income,1.90433E+12
IDEA,Telecom - Services,2023,60029,CostOfMaterialsConsumed,Expenses,273000000
IDEA,Telecom - Services,2023,60031,ChangesInInventoriesOfFinishedGoodsWorkInProgressAndStockInTrade,Expenses,0
IDEA,Telecom - Services,2023,60032,EmployeeBenefitExpense,Expenses,78833000000
IDEA,Telecom - Services,2023,60033,FinanceCosts,Expenses,1.0746E+12
IDEA,Telecom - Services,2023,60034,DepreciationDepletionAndAmortisationExpense,Expenses,1.02135E+12
IDEA,Telecom - Services,2023,60035,OtherExpenses,Expenses,1.06744E+12
IDEA,Telecom - Services,2023,60039,ProfitBeforeTax,Profit,-1.33817E+12
IDEA,Telecom - Services,2023,60042,TaxExpense,Tax,196000000
IDEA,Telecom - Services,2023,60049,ProfitLossForPeriod,Profit,-1.33837E+12
IDEA,Telecom - Services,2023,600001,Total COGS,Expenses,273000000
IDEA,Telecom - Services,2023,600002,Gross Margin,Profit,1.90405E+12
IDEA,Telecom - Services,2023,600003,Gross Margin %,Profit,99.98566422678458058900
IDEA,Telecom - Services,2023,600004,EBIDTA/ Operating Profit,Profit,7.57778E+11
IDEA,Telecom - Services,2023,600005,Operating Profit%,Profit,39.79243060671827895100
IDEA,Telecom - Services,2023,600005,PBT%,Profit,-70.27012693
IDEA,Telecom - Services,2023,600006,PAT%,Profit,-70.28041928
IDEA,Telecom - Services,2024,60026,RevenueFromOperations,Revenue / Income,1.91263E+12
IDEA,Telecom - Services,2024,60027,OtherIncome,Revenue / Income,5709000000
IDEA,Telecom - Services,2024,60028,Income,Revenue / Income,1.91834E+12
IDEA,Telecom - Services,2024,60029,CostOfMaterialsConsumed,Expenses,501000000
IDEA,Telecom - Services,2024,60031,ChangesInInventoriesOfFinishedGoodsWorkInProgressAndStockInTrade,Expenses,0
IDEA,Telecom - Services,2024,60032,EmployeeBenefitExpense,Expenses,90338000000
IDEA,Telecom - Services,2024,60033,FinanceCosts,Expenses,1.16432E+12
IDEA,Telecom - Services,2024,60034,DepreciationDepletionAndAmortisationExpense,Expenses,1.00174E+12
IDEA,Telecom - Services,2024,60035,OtherExpenses,Expenses,1.06961E+12
IDEA,Telecom - Services,2024,60039,ProfitBeforeTax,Profit,-1.40817E+12
IDEA,Telecom - Services,2024,60042,TaxExpense,Tax,49352000000
IDEA,Telecom - Services,2024,60049,ProfitLossForPeriod,Profit,-1.45752E+12
IDEA,Telecom - Services,2024,600001,Total COGS,Expenses,501000000
IDEA,Telecom - Services,2024,600002,Gross Margin,Profit,1.91784E+12
IDEA,Telecom - Services,2024,600003,Gross Margin %,Profit,99.97388362941443552400
IDEA,Telecom - Services,2024,600004,EBIDTA/ Operating Profit,Profit,7.57885E+11
IDEA,Telecom - Services,2024,600005,Operating Profit%,Profit,39.50739624998110342400
IDEA,Telecom - Services,2024,600005,PBT%,Profit,-73.4057676
IDEA,Telecom - Services,2024,600006,PAT%,Profit,-75.97841255
IDEA,Telecom - Services,2025,60026,RevenueFromOperations,Revenue / Income,4.2694E+11
IDEA,Telecom - Services,2025,60027,OtherIncome,Revenue / Income,11246000000
IDEA,Telecom - Services,2025,60028,Income,Revenue / Income,4.38186E+11
IDEA,Telecom - Services,2025,60029,CostOfMaterialsConsumed,Expenses,3000000
IDEA,Telecom - Services,2025,60031,ChangesInInventoriesOfFinishedGoodsWorkInProgressAndStockInTrade,Expenses,0
IDEA,Telecom - Services,2025,60032,EmployeeBenefitExpense,Expenses,21584000000
IDEA,Telecom - Services,2025,60033,FinanceCosts,Expenses,2.42566E+11
IDEA,Telecom - Services,2025,60034,DepreciationDepletionAndAmortisationExpense,Expenses,2.1256E+11
IDEA,Telecom - Services,2025,60035,OtherExpenses,Expenses,2.34226E+11
IDEA,Telecom - Services,2025,60039,ProfitBeforeTax,Profit,-2.72753E+11
IDEA,Telecom - Services,2025,60042,TaxExpense,Tax,133000000
IDEA,Telecom - Services,2025,60049,ProfitLossForPeriod,Profit,-2.72886E+11
IDEA,Telecom - Services,2025,600001,Total COGS,Expenses,3000000
IDEA,Telecom - Services,2025,600002,Gross Margin,Profit,4.38183E+11
IDEA,Telecom - Services,2025,600003,Gross Margin %,Profit,99.99931535923101148800
IDEA,Telecom - Services,2025,600004,EBIDTA/ Operating Profit,Profit,1.82373E+11
IDEA,Telecom - Services,2025,600005,Operating Profit%,Profit,41.61999698758061645100
IDEA,Telecom - Services,2025,600005,PBT%,Profit,-62.24594122
IDEA,Telecom - Services,2025,600006,PAT%,Profit,-62.27629363
INDUSTOWER,Telecom - Services,2019,60026,RevenueFromOperations,Revenue / Income,1.88039E+11
INDUSTOWER,Telecom - Services,2019,60027,OtherIncome,Revenue / Income,25498000000
INDUSTOWER,Telecom - Services,2019,60028,Income,Revenue / Income,2.13537E+11
INDUSTOWER,Telecom - Services,2019,60029,CostOfMaterialsConsumed,Expenses,0
INDUSTOWER,Telecom - Services,2019,60031,ChangesInInventoriesOfFinishedGoodsWorkInProgressAndStockInTrade,Expenses,0
INDUSTOWER,Telecom - Services,2019,60032,EmployeeBenefitExpense,Expenses,8037000000
INDUSTOWER,Telecom - Services,2019,60033,FinanceCosts,Expenses,-10681000000
INDUSTOWER,Telecom - Services,2019,60034,DepreciationDepletionAndAmortisationExpense,Expenses,29674000000
INDUSTOWER,Telecom - Services,2019,60035,OtherExpenses,Expenses,94578000000
INDUSTOWER,Telecom - Services,2019,60039,ProfitBeforeTax,Profit,91929000000
INDUSTOWER,Telecom - Services,2019,60042,TaxExpense,Tax,26577000000
INDUSTOWER,Telecom - Services,2019,60049,ProfitLossForPeriod,Profit,65352000000
INDUSTOWER,Telecom - Services,2019,600001,Total COGS,Expenses,0
INDUSTOWER,Telecom - Services,2019,600002,Gross Margin,Profit,2.13537E+11
INDUSTOWER,Telecom - Services,2019,600003,Gross Margin %,Profit,100.00000000000000000000
INDUSTOWER,Telecom - Services,2019,600004,EBIDTA/ Operating Profit,Profit,1.10922E+11
INDUSTOWER,Telecom - Services,2019,600005,Operating Profit%,Profit,51.94509616600401803900
INDUSTOWER,Telecom - Services,2019,600005,PBT%,Profit,43.05061886230489329700
INDUSTOWER,Telecom - Services,2019,600006,PAT%,Profit,30.60453223563129574700
INDUSTOWER,Telecom - Services,2020,60026,RevenueFromOperations,Revenue / Income,3.03844E+11
INDUSTOWER,Telecom - Services,2020,60027,OtherIncome,Revenue / Income,5832000000
INDUSTOWER,Telecom - Services,2020,60028,Income,Revenue / Income,3.09676E+11
INDUSTOWER,Telecom - Services,2020,60029,CostOfMaterialsConsumed,Expenses,0
INDUSTOWER,Telecom - Services,2020,60031,ChangesInInventoriesOfFinishedGoodsWorkInProgressAndStockInTrade,Expenses,0
INDUSTOWER,Telecom - Services,2020,60032,EmployeeBenefitExpense,Expenses,12952000000
INDUSTOWER,Telecom - Services,2020,60033,FinanceCosts,Expenses,-1191000000
INDUSTOWER,Telecom - Services,2020,60034,DepreciationDepletionAndAmortisationExpense,Expenses,56755000000
INDUSTOWER,Telecom - Services,2020,60035,OtherExpenses,Expenses,1.29291E+11
INDUSTOWER,Telecom - Services,2020,60039,ProfitBeforeTax,Profit,1.11869E+11
INDUSTOWER,Telecom - Services,2020,60042,TaxExpense,Tax,26429000000
INDUSTOWER,Telecom - Services,2020,60049,ProfitLossForPeriod,Profit,85440000000
INDUSTOWER,Telecom - Services,2020,600001,Total COGS,Expenses,0
INDUSTOWER,Telecom - Services,2020,600002,Gross Margin,Profit,3.09676E+11
INDUSTOWER,Telecom - Services,2020,600003,Gross Margin %,Profit,100.00000000000000000000
INDUSTOWER,Telecom - Services,2020,600004,EBIDTA/ Operating Profit,Profit,1.67433E+11
INDUSTOWER,Telecom - Services,2020,600005,Operating Profit%,Profit,54.06715405778943153500
INDUSTOWER,Telecom - Services,2020,600005,PBT%,Profit,36.12453015409653960900
INDUSTOWER,Telecom - Services,2020,600006,PAT%,Profit,27.59012645474625092000
INDUSTOWER,Telecom - Services,2021,60026,RevenueFromOperations,Revenue / Income,4.96296E+11
INDUSTOWER,Telecom - Services,2021,60027,OtherIncome,Revenue / Income,19703000000
INDUSTOWER,Telecom - Services,2021,60028,Income,Revenue / Income,5.15999E+11
INDUSTOWER,Telecom - Services,2021,60029,CostOfMaterialsConsumed,Expenses,0
INDUSTOWER,Telecom - Services,2021,60031,ChangesInInventoriesOfFinishedGoodsWorkInProgressAndStockInTrade,Expenses,0
INDUSTOWER,Telecom - Services,2021,60032,EmployeeBenefitExpense,Expenses,20312000000
INDUSTOWER,Telecom - Services,2021,60033,FinanceCosts,Expenses,19072000000
INDUSTOWER,Telecom - Services,2021,60034,DepreciationDepletionAndAmortisationExpense,Expenses,99227000000
INDUSTOWER,Telecom - Services,2021,60035,OtherExpenses,Expenses,2.22293E+11
INDUSTOWER,Telecom - Services,2021,60039,ProfitBeforeTax,Profit,1.55095E+11
INDUSTOWER,Telecom - Services,2021,60042,TaxExpense,Tax,36211000000
INDUSTOWER,Telecom - Services,2021,60049,ProfitLossForPeriod,Profit,1.18884E+11
INDUSTOWER,Telecom - Services,2021,600001,Total COGS,Expenses,0
INDUSTOWER,Telecom - Services,2021,600002,Gross Margin,Profit,5.15999E+11
INDUSTOWER,Telecom - Services,2021,600003,Gross Margin %,Profit,100.00000000000000000000
INDUSTOWER,Telecom - Services,2021,600004,EBIDTA/ Operating Profit,Profit,2.73394E+11
INDUSTOWER,Telecom - Services,2021,600005,Operating Profit%,Profit,52.98343601441088064100
INDUSTOWER,Telecom - Services,2021,600005,PBT%,Profit,30.05722879307905635500
INDUSTOWER,Telecom - Services,2021,600006,PAT%,Profit,23.03957953406886447500
INDUSTOWER,Telecom - Services,2022,60026,RevenueFromOperations,Revenue / Income,1.23967E+12
INDUSTOWER,Telecom - Services,2022,60027,OtherIncome,Revenue / Income,14912000000
INDUSTOWER,Telecom - Services,2022,60028,Income,Revenue / Income,1.25459E+12
INDUSTOWER,Telecom - Services,2022,60029,CostOfMaterialsConsumed,Expenses,0
INDUSTOWER,Telecom - Services,2022,60031,ChangesInInventoriesOfFinishedGoodsWorkInProgressAndStockInTrade,Expenses,0
INDUSTOWER,Telecom - Services,2022,60032,EmployeeBenefitExpense,Expenses,34210000000
INDUSTOWER,Telecom - Services,2022,60033,FinanceCosts,Expenses,67236000000
INDUSTOWER,Telecom - Services,2022,60034,DepreciationDepletionAndAmortisationExpense,Expenses,2.38306E+11
INDUSTOWER,Telecom - Services,2022,60035,OtherExpenses,Expenses,5.48015E+11
INDUSTOWER,Telecom - Services,2022,60039,ProfitBeforeTax,Profit,3.66818E+11
INDUSTOWER,Telecom - Services,2022,60042,TaxExpense,Tax,88974000000
INDUSTOWER,Telecom - Services,2022,60049,ProfitLossForPeriod,Profit,2.77844E+11
INDUSTOWER,Telecom - Services,2022,600001,Total COGS,Expenses,0
INDUSTOWER,Telecom - Services,2022,600002,Gross Margin,Profit,1.25459E+12
INDUSTOWER,Telecom - Services,2022,600003,Gross Margin %,Profit,100.00000000000000000000
INDUSTOWER,Telecom - Services,2022,600004,EBIDTA/ Operating Profit,Profit,6.7236E+11
INDUSTOWER,Telecom - Services,2022,600005,Operating Profit%,Profit,53.59222372338263250400
INDUSTOWER,Telecom - Services,2022,600005,PBT%,Profit,29.23819430329551206200
INDUSTOWER,Telecom - Services,2022,600006,PAT%,Profit,22.14628741775168681300
INDUSTOWER,Telecom - Services,2023,60026,RevenueFromOperations,Revenue / Income,1.29749E+12
INDUSTOWER,Telecom - Services,2023,60027,OtherIncome,Revenue / Income,15237000000
INDUSTOWER,Telecom - Services,2023,60028,Income,Revenue / Income,1.31273E+12
INDUSTOWER,Telecom - Services,2023,60029,CostOfMaterialsConsumed,Expenses,0
INDUSTOWER,Telecom - Services,2023,60031,ChangesInInventoriesOfFinishedGoodsWorkInProgressAndStockInTrade,Expenses,0
INDUSTOWER,Telecom - Services,2023,60032,EmployeeBenefitExpense,Expenses,34646000000
INDUSTOWER,Telecom - Services,2023,60033,FinanceCosts,Expenses,66734000000
INDUSTOWER,Telecom - Services,2023,60034,DepreciationDepletionAndAmortisationExpense,Expenses,2.39417E+11
INDUSTOWER,Telecom - Services,2023,60035,OtherExpenses,Expenses,8.43275E+11
INDUSTOWER,Telecom - Services,2023,60039,ProfitBeforeTax,Profit,1.28657E+11
INDUSTOWER,Telecom - Services,2023,60042,TaxExpense,Tax,28250000000
INDUSTOWER,Telecom - Services,2023,60049,ProfitLossForPeriod,Profit,1.00407E+11
INDUSTOWER,Telecom - Services,2023,600001,Total COGS,Expenses,0
INDUSTOWER,Telecom - Services,2023,600002,Gross Margin,Profit,1.31273E+12
INDUSTOWER,Telecom - Services,2023,600003,Gross Margin %,Profit,100.00000000000000000000
INDUSTOWER,Telecom - Services,2023,600004,EBIDTA/ Operating Profit,Profit,4.34808E+11
INDUSTOWER,Telecom - Services,2023,600005,Operating Profit%,Profit,33.12244949262185873900
INDUSTOWER,Telecom - Services,2023,600005,PBT%,Profit,9.80072810153504645700
INDUSTOWER,Telecom - Services,2023,600006,PAT%,Profit,7.64872262287189511300
INDUSTOWER,Telecom - Services,2024,60026,RevenueFromOperations,Revenue / Income,1.28433E+12
INDUSTOWER,Telecom - Services,2024,60027,OtherIncome,Revenue / Income,15348000000
INDUSTOWER,Telecom - Services,2024,60028,Income,Revenue / Income,1.29968E+12
INDUSTOWER,Telecom - Services,2024,60029,CostOfMaterialsConsumed,Expenses,0
INDUSTOWER,Telecom - Services,2024,60031,ChangesInInventoriesOfFinishedGoodsWorkInProgressAndStockInTrade,Expenses,0
INDUSTOWER,Telecom - Services,2024,60032,EmployeeBenefitExpense,Expenses,34844000000
INDUSTOWER,Telecom - Services,2024,60033,FinanceCosts,Expenses,38842000000
INDUSTOWER,Telecom - Services,2024,60034,DepreciationDepletionAndAmortisationExpense,Expenses,2.68987E+11
INDUSTOWER,Telecom - Services,2024,60035,OtherExpenses,Expenses,6.10616E+11
INDUSTOWER,Telecom - Services,2024,60039,ProfitBeforeTax,Profit,3.46387E+11
INDUSTOWER,Telecom - Services,2024,60042,TaxExpense,Tax,89020000000
INDUSTOWER,Telecom - Services,2024,60049,ProfitLossForPeriod,Profit,2.57367E+11
INDUSTOWER,Telecom - Services,2024,600001,Total COGS,Expenses,0
INDUSTOWER,Telecom - Services,2024,600002,Gross Margin,Profit,1.29968E+12
INDUSTOWER,Telecom - Services,2024,600003,Gross Margin %,Profit,100.00000000000000000000
INDUSTOWER,Telecom - Services,2024,600004,EBIDTA/ Operating Profit,Profit,6.54216E+11
INDUSTOWER,Telecom - Services,2024,600005,Operating Profit%,Profit,50.33685318494763310200
INDUSTOWER,Telecom - Services,2024,600005,PBT%,Profit,26.65179629384554304300
INDUSTOWER,Telecom - Services,2024,600006,PAT%,Profit,19.80239690507480325900
INDUSTOWER,Telecom - Services,2025,60026,RevenueFromOperations,Revenue / Income,5.20923E+11
INDUSTOWER,Telecom - Services,2025,60027,OtherIncome,Revenue / Income,5946000000
INDUSTOWER,Telecom - Services,2025,60028,Income,Revenue / Income,5.26869E+11
INDUSTOWER,Telecom - Services,2025,60029,CostOfMaterialsConsumed,Expenses,0
INDUSTOWER,Telecom - Services,2025,60031,ChangesInInventoriesOfFinishedGoodsWorkInProgressAndStockInTrade,Expenses,0
INDUSTOWER,Telecom - Services,2025,60032,EmployeeBenefitExpense,Expenses,14297000000
INDUSTOWER,Telecom - Services,2025,60033,FinanceCosts,Expenses,27317000000
INDUSTOWER,Telecom - Services,2025,60034,DepreciationDepletionAndAmortisationExpense,Expenses,1.09876E+11
INDUSTOWER,Telecom - Services,2025,60035,OtherExpenses,Expenses,1.56076E+11
INDUSTOWER,Telecom - Services,2025,60039,ProfitBeforeTax,Profit,2.19303E+11
INDUSTOWER,Telecom - Services,2025,60042,TaxExpense,Tax,54863000000
INDUSTOWER,Telecom - Services,2025,60049,ProfitLossForPeriod,Profit,1.6444E+11
INDUSTOWER,Telecom - Services,2025,600001,Total COGS,Expenses,0
INDUSTOWER,Telecom - Services,2025,600002,Gross Margin,Profit,5.26869E+11
INDUSTOWER,Telecom - Services,2025,600003,Gross Margin %,Profit,100.00000000000000000000
INDUSTOWER,Telecom - Services,2025,600004,EBIDTA/ Operating Profit,Profit,3.56496E+11
INDUSTOWER,Telecom - Services,2025,600005,Operating Profit%,Profit,67.66311929530870102400
INDUSTOWER,Telecom - Services,2025,600005,PBT%,Profit,41.62381920363505918900
INDUSTOWER,Telecom - Services,2025,600006,PAT%,Profit,31.21079433407545329100
RAILTEL,Telecom - Services,2021,60026,RevenueFromOperations,Revenue / Income,45709000000
RAILTEL,Telecom - Services,2021,60027,OtherIncome,Revenue / Income,1057400000
RAILTEL,Telecom - Services,2021,60028,Income,Revenue / Income,46766400000
RAILTEL,Telecom - Services,2021,60029,CostOfMaterialsConsumed,Expenses,0
RAILTEL,Telecom - Services,2021,60031,ChangesInInventoriesOfFinishedGoodsWorkInProgressAndStockInTrade,Expenses,0
RAILTEL,Telecom - Services,2021,60032,EmployeeBenefitExpense,Expenses,4344100000
RAILTEL,Telecom - Services,2021,60033,FinanceCosts,Expenses,95500000
RAILTEL,Telecom - Services,2021,60034,DepreciationDepletionAndAmortisationExpense,Expenses,5571900000
RAILTEL,Telecom - Services,2021,60035,OtherExpenses,Expenses,29738100000
RAILTEL,Telecom - Services,2021,60039,ProfitBeforeTax,Profit,7016800000
RAILTEL,Telecom - Services,2021,60042,TaxExpense,Tax,1903700000
RAILTEL,Telecom - Services,2021,60049,ProfitLossForPeriod,Profit,5113100000
RAILTEL,Telecom - Services,2021,600001,Total COGS,Expenses,0
RAILTEL,Telecom - Services,2021,600002,Gross Margin,Profit,46766400000
RAILTEL,Telecom - Services,2021,600003,Gross Margin %,Profit,100.00000000000000000000
RAILTEL,Telecom - Services,2021,600004,EBIDTA/ Operating Profit,Profit,12684200000
RAILTEL,Telecom - Services,2021,600005,Operating Profit%,Profit,27.12246399124157514800
RAILTEL,Telecom - Services,2021,600005,PBT%,Profit,15.00393444866399808400
RAILTEL,Telecom - Services,2021,600006,PAT%,Profit,10.93327688254815423000
RAILTEL,Telecom - Services,2022,60026,RevenueFromOperations,Revenue / Income,65369500000
RAILTEL,Telecom - Services,2022,60027,OtherIncome,Revenue / Income,3281800000
RAILTEL,Telecom - Services,2022,60028,Income,Revenue / Income,68651300000
RAILTEL,Telecom - Services,2022,60029,CostOfMaterialsConsumed,Expenses,0
RAILTEL,Telecom - Services,2022,60031,ChangesInInventoriesOfFinishedGoodsWorkInProgressAndStockInTrade,Expenses,0
RAILTEL,Telecom - Services,2022,60032,EmployeeBenefitExpense,Expenses,7577000000
RAILTEL,Telecom - Services,2022,60033,FinanceCosts,Expenses,186200000
RAILTEL,Telecom - Services,2022,60034,DepreciationDepletionAndAmortisationExpense,Expenses,7128800000
RAILTEL,Telecom - Services,2022,60035,OtherExpenses,Expenses,41660300000
RAILTEL,Telecom - Services,2022,60039,ProfitBeforeTax,Profit,12099000000
RAILTEL,Telecom - Services,2022,60042,TaxExpense,Tax,3074700000
RAILTEL,Telecom - Services,2022,60049,ProfitLossForPeriod,Profit,9024300000
RAILTEL,Telecom - Services,2022,600001,Total COGS,Expenses,0
RAILTEL,Telecom - Services,2022,600002,Gross Margin,Profit,68651300000
RAILTEL,Telecom - Services,2022,600003,Gross Margin %,Profit,100.00000000000000000000
RAILTEL,Telecom - Services,2022,600004,EBIDTA/ Operating Profit,Profit,19414000000
RAILTEL,Telecom - Services,2022,600005,Operating Profit%,Profit,28.27914402203599931800
RAILTEL,Telecom - Services,2022,600005,PBT%,Profit,17.62384689000790953700
RAILTEL,Telecom - Services,2022,600006,PAT%,Profit,13.14512616658388115000
RAILTEL,Telecom - Services,2023,60026,RevenueFromOperations,Revenue / Income,80171600000
RAILTEL,Telecom - Services,2023,60027,OtherIncome,Revenue / Income,1632900000
RAILTEL,Telecom - Services,2023,60028,Income,Revenue / Income,81804500000
RAILTEL,Telecom - Services,2023,60029,CostOfMaterialsConsumed,Expenses,0
RAILTEL,Telecom - Services,2023,60031,ChangesInInventoriesOfFinishedGoodsWorkInProgressAndStockInTrade,Expenses,0
RAILTEL,Telecom - Services,2023,60032,EmployeeBenefitExpense,Expenses,8667700000
RAILTEL,Telecom - Services,2023,60033,FinanceCosts,Expenses,184000000
RAILTEL,Telecom - Services,2023,60034,DepreciationDepletionAndAmortisationExpense,Expenses,6870000000
RAILTEL,Telecom - Services,2023,60035,OtherExpenses,Expenses,55787600000
RAILTEL,Telecom - Services,2023,60039,ProfitBeforeTax,Profit,10295200000
RAILTEL,Telecom - Services,2023,60042,TaxExpense,Tax,2627900000
RAILTEL,Telecom - Services,2023,60049,ProfitLossForPeriod,Profit,7667300000
RAILTEL,Telecom - Services,2023,600001,Total COGS,Expenses,0
RAILTEL,Telecom - Services,2023,600002,Gross Margin,Profit,81804500000
RAILTEL,Telecom - Services,2023,600003,Gross Margin %,Profit,100.00000000000000000000
RAILTEL,Telecom - Services,2023,600004,EBIDTA/ Operating Profit,Profit,17349200000
RAILTEL,Telecom - Services,2023,600005,Operating Profit%,Profit,21.20812424744360029100
RAILTEL,Telecom - Services,2023,600005,PBT%,Profit,12.58512673508181090300
RAILTEL,Telecom - Services,2023,600006,PAT%,Profit,9.37271177013489478000
RAILTEL,Telecom - Services,2024,60026,RevenueFromOperations,Revenue / Income,53697000000
RAILTEL,Telecom - Services,2024,60027,OtherIncome,Revenue / Income,1183900000
RAILTEL,Telecom - Services,2024,60028,Income,Revenue / Income,54880900000
RAILTEL,Telecom - Services,2024,60029,CostOfMaterialsConsumed,Expenses,0
RAILTEL,Telecom - Services,2024,60031,ChangesInInventoriesOfFinishedGoodsWorkInProgressAndStockInTrade,Expenses,0
RAILTEL,Telecom - Services,2024,60032,EmployeeBenefitExpense,Expenses,4674500000
RAILTEL,Telecom - Services,2024,60033,FinanceCosts,Expenses,96400000
RAILTEL,Telecom - Services,2024,60034,DepreciationDepletionAndAmortisationExpense,Expenses,3473600000
RAILTEL,Telecom - Services,2024,60035,OtherExpenses,Expenses,39407500000
RAILTEL,Telecom - Services,2024,60039,ProfitBeforeTax,Profit,7228900000
RAILTEL,Telecom - Services,2024,60042,TaxExpense,Tax,1747400000
RAILTEL,Telecom - Services,2024,60049,ProfitLossForPeriod,Profit,5481500000
RAILTEL,Telecom - Services,2024,600001,Total COGS,Expenses,0
RAILTEL,Telecom - Services,2024,600002,Gross Margin,Profit,54880900000
RAILTEL,Telecom - Services,2024,600003,Gross Margin %,Profit,100.00000000000000000000
RAILTEL,Telecom - Services,2024,600004,EBIDTA/ Operating Profit,Profit,10798900000
RAILTEL,Telecom - Services,2024,600005,Operating Profit%,Profit,19.67697322747987004600
RAILTEL,Telecom - Services,2024,600005,PBT%,Profit,13.17197786479449134400
RAILTEL,Telecom - Services,2024,600006,PAT%,Profit,9.98799217942854435700
RAILTEL,Telecom - Services,2025,60026,RevenueFromOperations,Revenue / Income,35708200000
RAILTEL,Telecom - Services,2025,60027,OtherIncome,Revenue / Income,916100000
RAILTEL,Telecom - Services,2025,60028,Income,Revenue / Income,36624300000
RAILTEL,Telecom - Services,2025,60029,CostOfMaterialsConsumed,Expenses,0
RAILTEL,Telecom - Services,2025,60031,ChangesInInventoriesOfFinishedGoodsWorkInProgressAndStockInTrade,Expenses,0
RAILTEL,Telecom - Services,2025,60032,EmployeeBenefitExpense,Expenses,2751600000
RAILTEL,Telecom - Services,2025,60033,FinanceCosts,Expenses,36000000
RAILTEL,Telecom - Services,2025,60034,DepreciationDepletionAndAmortisationExpense,Expenses,1980800000
RAILTEL,Telecom - Services,2025,60035,OtherExpenses,Expenses,27091300000
RAILTEL,Telecom - Services,2025,60039,ProfitBeforeTax,Profit,4764600000
RAILTEL,Telecom - Services,2025,60042,TaxExpense,Tax,1038300000
RAILTEL,Telecom - Services,2025,60049,ProfitLossForPeriod,Profit,3726300000
RAILTEL,Telecom - Services,2025,600001,Total COGS,Expenses,0
RAILTEL,Telecom - Services,2025,600002,Gross Margin,Profit,36624300000
RAILTEL,Telecom - Services,2025,600003,Gross Margin %,Profit,100.00000000000000000000
RAILTEL,Telecom - Services,2025,600004,EBIDTA/ Operating Profit,Profit,6781400000
RAILTEL,Telecom - Services,2025,600005,Operating Profit%,Profit,18.51612180983663851600
RAILTEL,Telecom - Services,2025,600005,PBT%,Profit,13.00939540141381541800
RAILTEL,Telecom - Services,2025,600006,PAT%,Profit,10.17439241159557998400
ROUTE,Telecom - Services,2021,60026,RevenueFromOperations,Revenue / Income,39648123200
ROUTE,Telecom - Services,2021,60027,OtherIncome,Revenue / Income,652627400
ROUTE,Telecom - Services,2021,60028,Income,Revenue / Income,40300750600
ROUTE,Telecom - Services,2021,60029,CostOfMaterialsConsumed,Expenses,0
ROUTE,Telecom - Services,2021,60031,ChangesInInventoriesOfFinishedGoodsWorkInProgressAndStockInTrade,Expenses,0
ROUTE,Telecom - Services,2021,60032,EmployeeBenefitExpense,Expenses,1968155100
ROUTE,Telecom - Services,2021,60033,FinanceCosts,Expenses,117708200
ROUTE,Telecom - Services,2021,60034,DepreciationDepletionAndAmortisationExpense,Expenses,802312900
ROUTE,Telecom - Services,2021,60035,OtherExpenses,Expenses,1128097200
ROUTE,Telecom - Services,2021,60039,ProfitBeforeTax,Profit,36284477200
ROUTE,Telecom - Services,2021,60042,TaxExpense,Tax,795624500
ROUTE,Telecom - Services,2021,60049,ProfitLossForPeriod,Profit,35488852700
ROUTE,Telecom - Services,2021,600001,Total COGS,Expenses,0
ROUTE,Telecom - Services,2021,600002,Gross Margin,Profit,40300750600
ROUTE,Telecom - Services,2021,600003,Gross Margin %,Profit,100.00000000000000000000
ROUTE,Telecom - Services,2021,600004,EBIDTA/ Operating Profit,Profit,37204498300
ROUTE,Telecom - Services,2021,600005,Operating Profit%,Profit,92.31713490715976888000
ROUTE,Telecom - Services,2021,600005,PBT%,Profit,90.03424665743074274200
ROUTE,Telecom - Services,2021,600006,PAT%,Profit,88.06002908541361013800
ROUTE,Telecom - Services,2022,60026,RevenueFromOperations,Revenue / Income,49031741000
ROUTE,Telecom - Services,2022,60027,OtherIncome,Revenue / Income,1163191000
ROUTE,Telecom - Services,2022,60028,Income,Revenue / Income,50194932000
ROUTE,Telecom - Services,2022,60029,CostOfMaterialsConsumed,Expenses,0
ROUTE,Telecom - Services,2022,60031,ChangesInInventoriesOfFinishedGoodsWorkInProgressAndStockInTrade,Expenses,0
ROUTE,Telecom - Services,2022,60032,EmployeeBenefitExpense,Expenses,3525535000
ROUTE,Telecom - Services,2022,60033,FinanceCosts,Expenses,122061000
ROUTE,Telecom - Services,2022,60034,DepreciationDepletionAndAmortisationExpense,Expenses,1060525000
ROUTE,Telecom - Services,2022,60035,OtherExpenses,Expenses,1840120000
ROUTE,Telecom - Services,2022,60039,ProfitBeforeTax,Profit,43646691000
ROUTE,Telecom - Services,2022,60042,TaxExpense,Tax,798268000
ROUTE,Telecom - Services,2022,60049,ProfitLossForPeriod,Profit,42848423000
ROUTE,Telecom - Services,2022,600001,Total COGS,Expenses,0
ROUTE,Telecom - Services,2022,600002,Gross Margin,Profit,50194932000
ROUTE,Telecom - Services,2022,600003,Gross Margin %,Profit,100.00000000000000000000
ROUTE,Telecom - Services,2022,600004,EBIDTA/ Operating Profit,Profit,44829277000
ROUTE,Telecom - Services,2022,600005,Operating Profit%,Profit,89.31036503844651089500
ROUTE,Telecom - Services,2022,600005,PBT%,Profit,86.95437818304047109800
ROUTE,Telecom - Services,2022,600006,PAT%,Profit,85.36404233001052775600
ROUTE,Telecom - Services,2023,60026,RevenueFromOperations,Revenue / Income,89214000000
ROUTE,Telecom - Services,2023,60027,OtherIncome,Revenue / Income,2940400000
ROUTE,Telecom - Services,2023,60028,Income,Revenue / Income,92154400000
ROUTE,Telecom - Services,2023,60029,CostOfMaterialsConsumed,Expenses,0
ROUTE,Telecom - Services,2023,60031,ChangesInInventoriesOfFinishedGoodsWorkInProgressAndStockInTrade,Expenses,0
ROUTE,Telecom - Services,2023,60032,EmployeeBenefitExpense,Expenses,5682300000
ROUTE,Telecom - Services,2023,60033,FinanceCosts,Expenses,491800000
ROUTE,Telecom - Services,2023,60034,DepreciationDepletionAndAmortisationExpense,Expenses,2144600000
ROUTE,Telecom - Services,2023,60035,OtherExpenses,Expenses,4038600000
ROUTE,Telecom - Services,2023,60039,ProfitBeforeTax,Profit,79797100000
ROUTE,Telecom - Services,2023,60042,TaxExpense,Tax,1347700000
ROUTE,Telecom - Services,2023,60049,ProfitLossForPeriod,Profit,78449400000
ROUTE,Telecom - Services,2023,600001,Total COGS,Expenses,0
ROUTE,Telecom - Services,2023,600002,Gross Margin,Profit,92154400000
ROUTE,Telecom - Services,2023,600003,Gross Margin %,Profit,100.00000000000000000000
ROUTE,Telecom - Services,2023,600004,EBIDTA/ Operating Profit,Profit,82433500000
ROUTE,Telecom - Services,2023,600005,Operating Profit%,Profit,89.45150747007196617900
ROUTE,Telecom - Services,2023,600005,PBT%,Profit,86.59065655031121682700
ROUTE,Telecom - Services,2023,600006,PAT%,Profit,85.12821959667688140800
ROUTE,Telecom - Services,2024,60026,RevenueFromOperations,Revenue / Income,1.04675E+11
ROUTE,Telecom - Services,2024,60027,OtherIncome,Revenue / Income,3213100000
ROUTE,Telecom - Services,2024,60028,Income,Revenue / Income,1.07888E+11
ROUTE,Telecom - Services,2024,60029,CostOfMaterialsConsumed,Expenses,0
ROUTE,Telecom - Services,2024,60031,ChangesInInventoriesOfFinishedGoodsWorkInProgressAndStockInTrade,Expenses,0
ROUTE,Telecom - Services,2024,60032,EmployeeBenefitExpense,Expenses,5593500000
ROUTE,Telecom - Services,2024,60033,FinanceCosts,Expenses,649600000
ROUTE,Telecom - Services,2024,60034,DepreciationDepletionAndAmortisationExpense,Expenses,2306300000
ROUTE,Telecom - Services,2024,60035,OtherExpenses,Expenses,4100200000
ROUTE,Telecom - Services,2024,60039,ProfitBeforeTax,Profit,95238600000
ROUTE,Telecom - Services,2024,60042,TaxExpense,Tax,2159100000
ROUTE,Telecom - Services,2024,60049,ProfitLossForPeriod,Profit,93079500000
ROUTE,Telecom - Services,2024,600001,Total COGS,Expenses,0
ROUTE,Telecom - Services,2024,600002,Gross Margin,Profit,1.07888E+11
ROUTE,Telecom - Services,2024,600003,Gross Margin %,Profit,100.00000000000000000000
ROUTE,Telecom - Services,2024,600004,EBIDTA/ Operating Profit,Profit,98194500000
ROUTE,Telecom - Services,2024,600005,Operating Profit%,Profit,91.01505076551467166900
ROUTE,Telecom - Services,2024,600005,PBT%,Profit,88.27527014075682048600
ROUTE,Telecom - Services,2024,600006,PAT%,Profit,86.27403182183037626000
ROUTE,Telecom - Services,2025,60026,RevenueFromOperations,Revenue / Income,66588200000
ROUTE,Telecom - Services,2025,60027,OtherIncome,Revenue / Income,1955700000
ROUTE,Telecom - Services,2025,60028,Income,Revenue / Income,68543900000
ROUTE,Telecom - Services,2025,60029,CostOfMaterialsConsumed,Expenses,0
ROUTE,Telecom - Services,2025,60031,ChangesInInventoriesOfFinishedGoodsWorkInProgressAndStockInTrade,Expenses,0
ROUTE,Telecom - Services,2025,60032,EmployeeBenefitExpense,Expenses,4351100000
ROUTE,Telecom - Services,2025,60033,FinanceCosts,Expenses,584800000
ROUTE,Telecom - Services,2025,60034,DepreciationDepletionAndAmortisationExpense,Expenses,1313000000
ROUTE,Telecom - Services,2025,60035,OtherExpenses,Expenses,2408900000
ROUTE,Telecom - Services,2025,60039,ProfitBeforeTax,Profit,59886100000
ROUTE,Telecom - Services,2025,60042,TaxExpense,Tax,1802100000
ROUTE,Telecom - Services,2025,60049,ProfitLossForPeriod,Profit,58084000000
ROUTE,Telecom - Services,2025,600001,Total COGS,Expenses,0
ROUTE,Telecom - Services,2025,600002,Gross Margin,Profit,68543900000
ROUTE,Telecom - Services,2025,600003,Gross Margin %,Profit,100.00000000000000000000
ROUTE,Telecom - Services,2025,600004,EBIDTA/ Operating Profit,Profit,61783900000
ROUTE,Telecom - Services,2025,600005,Operating Profit%,Profit,90.13770736710341839300
ROUTE,Telecom - Services,2025,600005,PBT%,Profit,87.36897083474970055700
ROUTE,Telecom - Services,2025,600006,PAT%,Profit,84.73985285342678196000
TATACOMM,Telecom - Services,2019,60026,RevenueFromOperations,Revenue / Income,4.87269E+11
TATACOMM,Telecom - Services,2019,60027,OtherIncome,Revenue / Income,2512200000
TATACOMM,Telecom - Services,2019,60028,Income,Revenue / Income,4.89781E+11
TATACOMM,Telecom - Services,2019,60029,CostOfMaterialsConsumed,Expenses,0
TATACOMM,Telecom - Services,2019,60031,ChangesInInventoriesOfFinishedGoodsWorkInProgressAndStockInTrade,Expenses,0
TATACOMM,Telecom - Services,2019,60032,EmployeeBenefitExpense,Expenses,86312200000
TATACOMM,Telecom - Services,2019,60033,FinanceCosts,Expenses,9592800000
TATACOMM,Telecom - Services,2019,60034,DepreciationDepletionAndAmortisationExpense,Expenses,65270500000
TATACOMM,Telecom - Services,2019,60035,OtherExpenses,Expenses,3.13944E+11
TATACOMM,Telecom - Services,2019,60039,ProfitBeforeTax,Profit,14661900000
TATACOMM,Telecom - Services,2019,60042,TaxExpense,Tax,8538600000
TATACOMM,Telecom - Services,2019,60049,ProfitLossForPeriod,Profit,6123300000
TATACOMM,Telecom - Services,2019,600001,Total COGS,Expenses,0
TATACOMM,Telecom - Services,2019,600002,Gross Margin,Profit,4.89781E+11
TATACOMM,Telecom - Services,2019,600003,Gross Margin %,Profit,100.00000000000000000000
TATACOMM,Telecom - Services,2019,600004,EBIDTA/ Operating Profit,Profit,89525200000
TATACOMM,Telecom - Services,2019,600005,Operating Profit%,Profit,18.27860720693093019300
TATACOMM,Telecom - Services,2019,600005,PBT%,Profit,2.99356059531060087400
TATACOMM,Telecom - Services,2019,600006,PAT%,Profit,1.25021106359103542700
TATACOMM,Telecom - Services,2020,60026,RevenueFromOperations,Revenue / Income,5.10339E+11
TATACOMM,Telecom - Services,2020,60027,OtherIncome,Revenue / Income,5722600000
TATACOMM,Telecom - Services,2020,60028,Income,Revenue / Income,5.16062E+11
TATACOMM,Telecom - Services,2020,60029,CostOfMaterialsConsumed,Expenses,0
TATACOMM,Telecom - Services,2020,60031,ChangesInInventoriesOfFinishedGoodsWorkInProgressAndStockInTrade,Expenses,0
TATACOMM,Telecom - Services,2020,60032,EmployeeBenefitExpense,Expenses,90193700000
TATACOMM,Telecom - Services,2020,60033,FinanceCosts,Expenses,11669200000
TATACOMM,Telecom - Services,2020,60034,DepreciationDepletionAndAmortisationExpense,Expenses,72678100000
TATACOMM,Telecom - Services,2020,60035,OtherExpenses,Expenses,3.11471E+11
TATACOMM,Telecom - Services,2020,60039,ProfitBeforeTax,Profit,30050200000
TATACOMM,Telecom - Services,2020,60042,TaxExpense,Tax,11997900000
TATACOMM,Telecom - Services,2020,60049,ProfitLossForPeriod,Profit,18052300000
TATACOMM,Telecom - Services,2020,600001,Total COGS,Expenses,0
TATACOMM,Telecom - Services,2020,600002,Gross Margin,Profit,5.16062E+11
TATACOMM,Telecom - Services,2020,600003,Gross Margin %,Profit,100.00000000000000000000
TATACOMM,Telecom - Services,2020,600004,EBIDTA/ Operating Profit,Profit,1.14398E+11
TATACOMM,Telecom - Services,2020,600005,Operating Profit%,Profit,22.16740320636016849100
TATACOMM,Telecom - Services,2020,600005,PBT%,Profit,5.82298476655315313000
TATACOMM,Telecom - Services,2020,600006,PAT%,Profit,3.49808879479163154500
TATACOMM,Telecom - Services,2021,60026,RevenueFromOperations,Revenue / Income,5.29058E+11
TATACOMM,Telecom - Services,2021,60027,OtherIncome,Revenue / Income,10460100000
TATACOMM,Telecom - Services,2021,60028,Income,Revenue / Income,5.39518E+11
TATACOMM,Telecom - Services,2021,60029,CostOfMaterialsConsumed,Expenses,0
TATACOMM,Telecom - Services,2021,60031,ChangesInInventoriesOfFinishedGoodsWorkInProgressAndStockInTrade,Expenses,0
TATACOMM,Telecom - Services,2021,60032,EmployeeBenefitExpense,Expenses,93345400000
TATACOMM,Telecom - Services,2021,60033,FinanceCosts,Expenses,12189000000
TATACOMM,Telecom - Services,2021,60034,DepreciationDepletionAndAmortisationExpense,Expenses,73484300000
TATACOMM,Telecom - Services,2021,60035,OtherExpenses,Expenses,2.9375E+11
TATACOMM,Telecom - Services,2021,60039,ProfitBeforeTax,Profit,66749400000
TATACOMM,Telecom - Services,2021,60042,TaxExpense,Tax,14433700000
TATACOMM,Telecom - Services,2021,60049,ProfitLossForPeriod,Profit,52315700000
TATACOMM,Telecom - Services,2021,600001,Total COGS,Expenses,0
TATACOMM,Telecom - Services,2021,600002,Gross Margin,Profit,5.39518E+11
TATACOMM,Telecom - Services,2021,600003,Gross Margin %,Profit,100.00000000000000000000
TATACOMM,Telecom - Services,2021,600004,EBIDTA/ Operating Profit,Profit,1.52423E+11
TATACOMM,Telecom - Services,2021,600005,Operating Profit%,Profit,28.25165360623875616300
TATACOMM,Telecom - Services,2021,600005,PBT%,Profit,12.37204778044394457400
TATACOMM,Telecom - Services,2021,600006,PAT%,Profit,9.69675143248285784100
TATACOMM,Telecom - Services,2022,60026,RevenueFromOperations,Revenue / Income,5.2117E+11
TATACOMM,Telecom - Services,2022,60027,OtherIncome,Revenue / Income,14811300000
TATACOMM,Telecom - Services,2022,60028,Income,Revenue / Income,5.35982E+11
TATACOMM,Telecom - Services,2022,60029,CostOfMaterialsConsumed,Expenses,0
TATACOMM,Telecom - Services,2022,60031,ChangesInInventoriesOfFinishedGoodsWorkInProgressAndStockInTrade,Expenses,0
TATACOMM,Telecom - Services,2022,60032,EmployeeBenefitExpense,Expenses,97247000000
TATACOMM,Telecom - Services,2022,60033,FinanceCosts,Expenses,10202300000
TATACOMM,Telecom - Services,2022,60034,DepreciationDepletionAndAmortisationExpense,Expenses,69369900000
TATACOMM,Telecom - Services,2022,60035,OtherExpenses,Expenses,2.84109E+11
TATACOMM,Telecom - Services,2022,60039,ProfitBeforeTax,Profit,75053500000
TATACOMM,Telecom - Services,2022,60042,TaxExpense,Tax,17109100000
TATACOMM,Telecom - Services,2022,60049,ProfitLossForPeriod,Profit,57944400000
TATACOMM,Telecom - Services,2022,600001,Total COGS,Expenses,0
TATACOMM,Telecom - Services,2022,600002,Gross Margin,Profit,5.35982E+11
TATACOMM,Telecom - Services,2022,600003,Gross Margin %,Profit,100.00000000000000000000
TATACOMM,Telecom - Services,2022,600004,EBIDTA/ Operating Profit,Profit,1.54626E+11
TATACOMM,Telecom - Services,2022,600005,Operating Profit%,Profit,28.84906869937326206700
TATACOMM,Telecom - Services,2022,600005,PBT%,Profit,14.00299935669433428300
TATACOMM,Telecom - Services,2022,600006,PAT%,Profit,10.81089350828461275500
TATACOMM,Telecom - Services,2023,60026,RevenueFromOperations,Revenue / Income,5.59197E+11
TATACOMM,Telecom - Services,2023,60027,OtherIncome,Revenue / Income,21579800000
TATACOMM,Telecom - Services,2023,60028,Income,Revenue / Income,5.80777E+11
TATACOMM,Telecom - Services,2023,60029,CostOfMaterialsConsumed,Expenses,0
TATACOMM,Telecom - Services,2023,60031,ChangesInInventoriesOfFinishedGoodsWorkInProgressAndStockInTrade,Expenses,0
TATACOMM,Telecom - Services,2023,60032,EmployeeBenefitExpense,Expenses,1.13006E+11
TATACOMM,Telecom - Services,2023,60033,FinanceCosts,Expenses,11184600000
TATACOMM,Telecom - Services,2023,60034,DepreciationDepletionAndAmortisationExpense,Expenses,71555900000
TATACOMM,Telecom - Services,2023,60035,OtherExpenses,Expenses,3.06632E+11
TATACOMM,Telecom - Services,2023,60039,ProfitBeforeTax,Profit,78398600000
TATACOMM,Telecom - Services,2023,60042,TaxExpense,Tax,15425300000
TATACOMM,Telecom - Services,2023,60049,ProfitLossForPeriod,Profit,62973300000
TATACOMM,Telecom - Services,2023,600001,Total COGS,Expenses,0
TATACOMM,Telecom - Services,2023,600002,Gross Margin,Profit,5.80777E+11
TATACOMM,Telecom - Services,2023,600003,Gross Margin %,Profit,100.00000000000000000000
TATACOMM,Telecom - Services,2023,600004,EBIDTA/ Operating Profit,Profit,1.61139E+11
TATACOMM,Telecom - Services,2023,600005,Operating Profit%,Profit,27.74544368852199330300
TATACOMM,Telecom - Services,2023,600005,PBT%,Profit,13.49892075578776562700
TATACOMM,Telecom - Services,2023,600006,PAT%,Profit,10.84294345090919609700
TATACOMM,Telecom - Services,2024,60026,RevenueFromOperations,Revenue / Income,6.38522E+11
TATACOMM,Telecom - Services,2024,60027,OtherIncome,Revenue / Income,17210400000
TATACOMM,Telecom - Services,2024,60028,Income,Revenue / Income,6.55733E+11
TATACOMM,Telecom - Services,2024,60029,CostOfMaterialsConsumed,Expenses,0
TATACOMM,Telecom - Services,2024,60031,ChangesInInventoriesOfFinishedGoodsWorkInProgressAndStockInTrade,Expenses,0
TATACOMM,Telecom - Services,2024,60032,EmployeeBenefitExpense,Expenses,1.37886E+11
TATACOMM,Telecom - Services,2024,60033,FinanceCosts,Expenses,16554500000
TATACOMM,Telecom - Services,2024,60034,DepreciationDepletionAndAmortisationExpense,Expenses,77668100000
TATACOMM,Telecom - Services,2024,60035,OtherExpenses,Expenses,3.63452E+11
TATACOMM,Telecom - Services,2024,60039,ProfitBeforeTax,Profit,60172200000
TATACOMM,Telecom - Services,2024,60042,TaxExpense,Tax,14515900000
TATACOMM,Telecom - Services,2024,60049,ProfitLossForPeriod,Profit,45656300000
TATACOMM,Telecom - Services,2024,600001,Total COGS,Expenses,0
TATACOMM,Telecom - Services,2024,600002,Gross Margin,Profit,6.55733E+11
TATACOMM,Telecom - Services,2024,600003,Gross Margin %,Profit,100.00000000000000000000
TATACOMM,Telecom - Services,2024,600004,EBIDTA/ Operating Profit,Profit,1.54395E+11
TATACOMM,Telecom - Services,2024,600005,Operating Profit%,Profit,23.54538311946573360400
TATACOMM,Telecom - Services,2024,600005,PBT%,Profit,9.17632913894195928600
TATACOMM,Telecom - Services,2024,600006,PAT%,Profit,6.96263783053097237200
TATACOMM,Telecom - Services,2025,60026,RevenueFromOperations,Revenue / Income,2.04209E+11
TATACOMM,Telecom - Services,2025,60027,OtherIncome,Revenue / Income,3497600000
TATACOMM,Telecom - Services,2025,60028,Income,Revenue / Income,2.07706E+11
TATACOMM,Telecom - Services,2025,60029,CostOfMaterialsConsumed,Expenses,0
TATACOMM,Telecom - Services,2025,60031,ChangesInInventoriesOfFinishedGoodsWorkInProgressAndStockInTrade,Expenses,0
TATACOMM,Telecom - Services,2025,60032,EmployeeBenefitExpense,Expenses,42841400000
TATACOMM,Telecom - Services,2025,60033,FinanceCosts,Expenses,6338900000
TATACOMM,Telecom - Services,2025,60034,DepreciationDepletionAndAmortisationExpense,Expenses,25426500000
TATACOMM,Telecom - Services,2025,60035,OtherExpenses,Expenses,1.18479E+11
TATACOMM,Telecom - Services,2025,60039,ProfitBeforeTax,Profit,14620800000
TATACOMM,Telecom - Services,2025,60042,TaxExpense,Tax,2227500000
TATACOMM,Telecom - Services,2025,60049,ProfitLossForPeriod,Profit,12393300000
TATACOMM,Telecom - Services,2025,600001,Total COGS,Expenses,0
TATACOMM,Telecom - Services,2025,600002,Gross Margin,Profit,2.07706E+11
TATACOMM,Telecom - Services,2025,600003,Gross Margin %,Profit,100.00000000000000000000
TATACOMM,Telecom - Services,2025,600004,EBIDTA/ Operating Profit,Profit,46386200000
TATACOMM,Telecom - Services,2025,600005,Operating Profit%,Profit,22.33261324535004027300
TATACOMM,Telecom - Services,2025,600005,PBT%,Profit,7.03917699095019356700
TATACOMM,Telecom - Services,2025,600006,PAT%,Profit,5.96674820816528739400
TTML,Telecom - Services,2019,60026,RevenueFromOperations,Revenue / Income,22389200000
TTML,Telecom - Services,2019,60027,OtherIncome,Revenue / Income,726000000
TTML,Telecom - Services,2019,60028,Income,Revenue / Income,23115200000
TTML,Telecom - Services,2019,60029,CostOfMaterialsConsumed,Expenses,0
TTML,Telecom - Services,2019,60031,ChangesInInventoriesOfFinishedGoodsWorkInProgressAndStockInTrade,Expenses,0
TTML,Telecom - Services,2019,60032,EmployeeBenefitExpense,Expenses,1172900000
TTML,Telecom - Services,2019,60033,FinanceCosts,Expenses,27109700000
TTML,Telecom - Services,2019,60034,DepreciationDepletionAndAmortisationExpense,Expenses,2998800000
TTML,Telecom - Services,2019,60035,OtherExpenses,Expenses,12500300000
TTML,Telecom - Services,2019,60039,ProfitBeforeTax,Profit,-20666500000
TTML,Telecom - Services,2019,60042,TaxExpense,Tax,0
TTML,Telecom - Services,2019,60049,ProfitLossForPeriod,Profit,-20666500000
TTML,Telecom - Services,2019,600001,Total COGS,Expenses,0
TTML,Telecom - Services,2019,600002,Gross Margin,Profit,23115200000
TTML,Telecom - Services,2019,600003,Gross Margin %,Profit,100.00000000000000000000
TTML,Telecom - Services,2019,600004,EBIDTA/ Operating Profit,Profit,9442000000
TTML,Telecom - Services,2019,600005,Operating Profit%,Profit,40.84758081262545857300
TTML,Telecom - Services,2019,600005,PBT%,Profit,-89.40653769
TTML,Telecom - Services,2019,600006,PAT%,Profit,-89.40653769
TTML,Telecom - Services,2020,60026,RevenueFromOperations,Revenue / Income,24604000000
TTML,Telecom - Services,2020,60027,OtherIncome,Revenue / Income,231000000
TTML,Telecom - Services,2020,60028,Income,Revenue / Income,24835000000
TTML,Telecom - Services,2020,60029,CostOfMaterialsConsumed,Expenses,0
TTML,Telecom - Services,2020,60031,ChangesInInventoriesOfFinishedGoodsWorkInProgressAndStockInTrade,Expenses,0
TTML,Telecom - Services,2020,60032,EmployeeBenefitExpense,Expenses,1384200000
TTML,Telecom - Services,2020,60033,FinanceCosts,Expenses,35319700000
TTML,Telecom - Services,2020,60034,DepreciationDepletionAndAmortisationExpense,Expenses,4517300000
TTML,Telecom - Services,2020,60035,OtherExpenses,Expenses,13587800000
TTML,Telecom - Services,2020,60039,ProfitBeforeTax,Profit,-29974000000
TTML,Telecom - Services,2020,60042,TaxExpense,Tax,0
TTML,Telecom - Services,2020,60049,ProfitLossForPeriod,Profit,-29974000000
TTML,Telecom - Services,2020,600001,Total COGS,Expenses,0
TTML,Telecom - Services,2020,600002,Gross Margin,Profit,24835000000
TTML,Telecom - Services,2020,600003,Gross Margin %,Profit,100.00000000000000000000
TTML,Telecom - Services,2020,600004,EBIDTA/ Operating Profit,Profit,9863000000
TTML,Telecom - Services,2020,600005,Operating Profit%,Profit,39.71411314676867324300
TTML,Telecom - Services,2020,600005,PBT%,Profit,-120.692571
TTML,Telecom - Services,2020,600006,PAT%,Profit,-120.692571
TTML,Telecom - Services,2021,60026,RevenueFromOperations,Revenue / Income,23219900000
TTML,Telecom - Services,2021,60027,OtherIncome,Revenue / Income,285000000
TTML,Telecom - Services,2021,60028,Income,Revenue / Income,23504900000
TTML,Telecom - Services,2021,60029,CostOfMaterialsConsumed,Expenses,0
TTML,Telecom - Services,2021,60031,ChangesInInventoriesOfFinishedGoodsWorkInProgressAndStockInTrade,Expenses,0
TTML,Telecom - Services,2021,60032,EmployeeBenefitExpense,Expenses,1122000000
TTML,Telecom - Services,2021,60033,FinanceCosts,Expenses,35400600000
TTML,Telecom - Services,2021,60034,DepreciationDepletionAndAmortisationExpense,Expenses,3823900000
TTML,Telecom - Services,2021,60035,OtherExpenses,Expenses,10919400000
TTML,Telecom - Services,2021,60039,ProfitBeforeTax,Profit,-27761000000
TTML,Telecom - Services,2021,60042,TaxExpense,Tax,0
TTML,Telecom - Services,2021,60049,ProfitLossForPeriod,Profit,-27761000000
TTML,Telecom - Services,2021,600001,Total COGS,Expenses,0
TTML,Telecom - Services,2021,600002,Gross Margin,Profit,23504900000
TTML,Telecom - Services,2021,600003,Gross Margin %,Profit,100.00000000000000000000
TTML,Telecom - Services,2021,600004,EBIDTA/ Operating Profit,Profit,11463500000
TTML,Telecom - Services,2021,600005,Operating Profit%,Profit,48.77068185782538960000
TTML,Telecom - Services,2021,600005,PBT%,Profit,-118.1072883
TTML,Telecom - Services,2021,600006,PAT%,Profit,-118.1072883
TTML,Telecom - Services,2022,60026,RevenueFromOperations,Revenue / Income,24516200000
TTML,Telecom - Services,2022,60027,OtherIncome,Revenue / Income,225100000
TTML,Telecom - Services,2022,60028,Income,Revenue / Income,24741300000
TTML,Telecom - Services,2022,60029,CostOfMaterialsConsumed,Expenses,0
TTML,Telecom - Services,2022,60031,ChangesInInventoriesOfFinishedGoodsWorkInProgressAndStockInTrade,Expenses,0
TTML,Telecom - Services,2022,60032,EmployeeBenefitExpense,Expenses,1225900000
TTML,Telecom - Services,2022,60033,FinanceCosts,Expenses,34979100000
TTML,Telecom - Services,2022,60034,DepreciationDepletionAndAmortisationExpense,Expenses,3630400000
TTML,Telecom - Services,2022,60035,OtherExpenses,Expenses,12720500000
TTML,Telecom - Services,2022,60039,ProfitBeforeTax,Profit,-27814600000
TTML,Telecom - Services,2022,60042,TaxExpense,Tax,0
TTML,Telecom - Services,2022,60049,ProfitLossForPeriod,Profit,-27814600000
TTML,Telecom - Services,2022,600001,Total COGS,Expenses,0
TTML,Telecom - Services,2022,600002,Gross Margin,Profit,24741300000
TTML,Telecom - Services,2022,600003,Gross Margin %,Profit,100.00000000000000000000
TTML,Telecom - Services,2022,600004,EBIDTA/ Operating Profit,Profit,10794900000
TTML,Telecom - Services,2022,600005,Operating Profit%,Profit,43.63109456657491724400
TTML,Telecom - Services,2022,600005,PBT%,Profit,-112.4217402
TTML,Telecom - Services,2022,600006,PAT%,Profit,-112.4217402
TTML,Telecom - Services,2023,60026,RevenueFromOperations,Revenue / Income,24763500000
TTML,Telecom - Services,2023,60027,OtherIncome,Revenue / Income,172700000
TTML,Telecom - Services,2023,60028,Income,Revenue / Income,24936200000
TTML,Telecom - Services,2023,60029,CostOfMaterialsConsumed,Expenses,0
TTML,Telecom - Services,2023,60031,ChangesInInventoriesOfFinishedGoodsWorkInProgressAndStockInTrade,Expenses,0
TTML,Telecom - Services,2023,60032,EmployeeBenefitExpense,Expenses,1362400000
TTML,Telecom - Services,2023,60033,FinanceCosts,Expenses,33734100000
TTML,Telecom - Services,2023,60034,DepreciationDepletionAndAmortisationExpense,Expenses,3400300000
TTML,Telecom - Services,2023,60035,OtherExpenses,Expenses,12283600000
TTML,Telecom - Services,2023,60039,ProfitBeforeTax,Profit,-25844200000
TTML,Telecom - Services,2023,60042,TaxExpense,Tax,0
TTML,Telecom - Services,2023,60049,ProfitLossForPeriod,Profit,-25844200000
TTML,Telecom - Services,2023,600001,Total COGS,Expenses,0
TTML,Telecom - Services,2023,600002,Gross Margin,Profit,24936200000
TTML,Telecom - Services,2023,600003,Gross Margin %,Profit,100.00000000000000000000
TTML,Telecom - Services,2023,600004,EBIDTA/ Operating Profit,Profit,11290200000
TTML,Telecom - Services,2023,600005,Operating Profit%,Profit,45.27634523303470456600
TTML,Telecom - Services,2023,600005,PBT%,Profit,-103.6412926
TTML,Telecom - Services,2023,600006,PAT%,Profit,-103.6412926
TTML,Telecom - Services,2024,60026,RevenueFromOperations,Revenue / Income,26323400000
TTML,Telecom - Services,2024,60027,OtherIncome,Revenue / Income,197900000
TTML,Telecom - Services,2024,60028,Income,Revenue / Income,26521300000
TTML,Telecom - Services,2024,60029,CostOfMaterialsConsumed,Expenses,0
TTML,Telecom - Services,2024,60031,ChangesInInventoriesOfFinishedGoodsWorkInProgressAndStockInTrade,Expenses,0
TTML,Telecom - Services,2024,60032,EmployeeBenefitExpense,Expenses,1572900000
TTML,Telecom - Services,2024,60033,FinanceCosts,Expenses,36258500000
TTML,Telecom - Services,2024,60034,DepreciationDepletionAndAmortisationExpense,Expenses,3342800000
TTML,Telecom - Services,2024,60035,OtherExpenses,Expenses,12936600000
TTML,Telecom - Services,2024,60039,ProfitBeforeTax,Profit,-27589500000
TTML,Telecom - Services,2024,60042,TaxExpense,Tax,0
TTML,Telecom - Services,2024,60049,ProfitLossForPeriod,Profit,-27589500000
TTML,Telecom - Services,2024,600001,Total COGS,Expenses,0
TTML,Telecom - Services,2024,600002,Gross Margin,Profit,26521300000
TTML,Telecom - Services,2024,600003,Gross Margin %,Profit,100.00000000000000000000
TTML,Telecom - Services,2024,600004,EBIDTA/ Operating Profit,Profit,12011800000
TTML,Telecom - Services,2024,600005,Operating Profit%,Profit,45.29114334516030511300
TTML,Telecom - Services,2024,600005,PBT%,Profit,-104.027706
TTML,Telecom - Services,2024,600006,PAT%,Profit,-104.027706
TTML,Telecom - Services,2025,60026,RevenueFromOperations,Revenue / Income,16667700000
TTML,Telecom - Services,2025,60027,OtherIncome,Revenue / Income,113600000
TTML,Telecom - Services,2025,60028,Income,Revenue / Income,16781300000
TTML,Telecom - Services,2025,60029,CostOfMaterialsConsumed,Expenses,0
TTML,Telecom - Services,2025,60031,ChangesInInventoriesOfFinishedGoodsWorkInProgressAndStockInTrade,Expenses,0
TTML,Telecom - Services,2025,60032,EmployeeBenefitExpense,Expenses,1028500000
TTML,Telecom - Services,2025,60033,FinanceCosts,Expenses,21261900000
TTML,Telecom - Services,2025,60034,DepreciationDepletionAndAmortisationExpense,Expenses,2085600000
TTML,Telecom - Services,2025,60035,OtherExpenses,Expenses,8632200000
TTML,Telecom - Services,2025,60039,ProfitBeforeTax,Profit,-16226900000
TTML,Telecom - Services,2025,60042,TaxExpense,Tax,0
TTML,Telecom - Services,2025,60049,ProfitLossForPeriod,Profit,-16226900000
TTML,Telecom - Services,2025,600001,Total COGS,Expenses,0
TTML,Telecom - Services,2025,600002,Gross Margin,Profit,16781300000
TTML,Telecom - Services,2025,600003,Gross Margin %,Profit,100.00000000000000000000
TTML,Telecom - Services,2025,600004,EBIDTA/ Operating Profit,Profit,7120600000
TTML,Telecom - Services,2025,600005,PBT%,Profit,-96.69632269
TTML,Telecom - Services,2025,600005,Operating Profit%,Profit,42.43175439328299952900
TTML,Telecom - Services,2025,600006,PAT%,Profit,-96.69632269
